PaymentID,OrderID,AmountPaid,PaymentMethod,PaymentStatus,PaymentDate
1,1,1996.11,Mobile Wallet,Pending,2024-08-03
2,2,2093.73,Mobile Wallet,Paid,2024-12-17
3,3,16019.29,Debit Card,Paid,2025-08-14
4,4,19466.29,Debit Card,Pending,2024-12-12
5,5,16378.84,Bank Transfer,Paid,2025-08-02
6,6,23517.86,Bank Transfer,Paid,2025-01-22
7,7,9649.71,Bank Transfer,Paid,2025-07-05
8,8,15318.7,Debit Card,Paid,2026-01-02
9,9,7585.3,Mobile Wallet,Paid,2024-10-28
10,10,9643.56,Cash on Delivery,Paid,2025-12-09
11,11,27906.08,Mobile Wallet,Pending,2024-07-31
12,12,31638.92,Debit Card,Paid,2025-09-15
13,13,18740.48,Credit Card,Paid,2025-11-14
14,14,28196.35,Debit Card,Refunded,2024-08-18
15,15,7863.01,Debit Card,Failed,2024-11-18
16,16,24387.42,Mobile Wallet,Paid,2025-02-09
17,17,46609.87,Debit Card,Paid,2026-02-13
18,18,26665.84,PayPal,Paid,2025-10-12
19,19,18039.77,Debit Card,Paid,2024-08-25
20,20,10880.88,Mobile Wallet,Paid,2025-11-08
21,21,27108.18,Mobile Wallet,Paid,2024-07-23
22,22,2383.98,PayPal,Paid,2025-04-27
23,23,1139.09,Credit Card,Pending,2025-02-01
24,24,26032.37,Bank Transfer,Paid,2026-03-31
25,25,11117.44,Cash on Delivery,Paid,2025-11-12
26,26,34731.21,Cash on Delivery,Paid,2026-04-10
27,27,38097.23,Cash on Delivery,Pending,2024-07-31
28,28,5860.54,Credit Card,Paid,2026-04-12
29,29,15856.03,Credit Card,Paid,2025-11-04
30,30,29432.77,PayPal,Paid,2025-01-03
31,31,39342.85,Mobile Wallet,Paid,2025-04-22
32,32,16200.34,Cash on Delivery,Paid,2026-07-01
33,33,10750.76,PayPal,Refunded,2024-09-28
34,34,33928.51,PayPal,Paid,2025-03-04
35,35,8167.0,PayPal,Paid,2026-04-11
36,36,25116.1,Cash on Delivery,Paid,2025-08-09
37,37,7791.52,Cash on Delivery,Paid,2024-11-30
38,38,28316.09,Bank Transfer,Pending,2025-07-17
39,39,25140.48,Mobile Wallet,Refunded,2025-06-16
40,40,29791.88,Credit Card,Failed,2026-05-24
41,41,15089.07,PayPal,Paid,2024-08-02
42,42,226.1,Credit Card,Paid,2025-01-13
43,43,7953.59,PayPal,Paid,2025-08-07
44,44,31887.38,Credit Card,Paid,2025-03-18
45,45,31922.14,Debit Card,Paid,2025-04-30
46,46,15453.58,Debit Card,Paid,2024-11-10
47,47,12883.44,Debit Card,Refunded,2025-03-27
48,48,11658.91,Credit Card,Paid,2025-03-31
49,49,29557.83,Cash on Delivery,Paid,2025-10-17
50,50,8173.62,Credit Card,Paid,2025-01-05
51,51,34193.98,Debit Card,Pending,2026-07-02
52,52,3374.91,PayPal,Paid,2025-07-17
53,53,17663.09,Mobile Wallet,Pending,2026-03-03
54,54,47049.81,PayPal,Paid,2025-10-17
55,55,22377.11,Credit Card,Paid,2026-04-21
56,56,51498.13,Debit Card,Failed,2026-04-27
57,57,20556.6,Credit Card,Paid,2026-03-04
58,58,18265.62,Bank Transfer,Paid,2024-08-07
59,59,54496.4,PayPal,Paid,2025-08-27
60,60,19714.85,Credit Card,Paid,2025-02-06
61,61,29934.66,Cash on Delivery,Paid,2024-11-06
62,62,29575.39,PayPal,Paid,2026-05-03
63,63,1606.43,Credit Card,Pending,2025-11-09
64,64,18165.93,PayPal,Paid,2024-09-19
65,65,22462.46,Mobile Wallet,Paid,2025-04-21
66,66,33171.84,Cash on Delivery,Failed,2026-06-18
67,67,36612.75,Cash on Delivery,Paid,2025-10-07
68,68,42944.48,PayPal,Paid,2025-10-16
69,69,3853.54,Mobile Wallet,Failed,2024-12-29
70,70,28109.18,Credit Card,Refunded,2025-01-08
71,71,9104.94,Bank Transfer,Paid,2024-11-06
72,72,4362.12,Debit Card,Paid,2026-06-27
73,73,7184.45,Cash on Delivery,Paid,2026-05-13
74,74,7738.04,Mobile Wallet,Failed,2025-03-15
75,75,21463.59,PayPal,Paid,2025-08-16
76,76,29744.48,Mobile Wallet,Paid,2024-12-16
77,77,17327.73,Debit Card,Paid,2024-10-26
78,78,18833.12,Credit Card,Paid,2025-08-16
79,79,7672.31,Credit Card,Paid,2026-02-21
80,80,22395.24,Mobile Wallet,Paid,2026-04-09
81,81,23572.9,Cash on Delivery,Paid,2025-02-28
82,82,4793.19,Debit Card,Refunded,2025-12-14
83,83,16833.74,Credit Card,Paid,2025-08-04
84,84,25728.84,Bank Transfer,Paid,2024-10-24
85,85,3158.1,Bank Transfer,Paid,2026-07-15
86,86,24320.85,Credit Card,Paid,2026-07-01
87,87,29219.12,Cash on Delivery,Paid,2024-11-01
88,88,5502.11,Bank Transfer,Paid,2026-05-30
89,89,26907.66,Mobile Wallet,Paid,2026-05-17
90,90,40386.92,Cash on Delivery,Paid,2025-03-06
91,91,21553.4,Credit Card,Paid,2025-08-29
92,92,26456.64,PayPal,Paid,2026-06-10
93,93,10305.17,PayPal,Pending,2024-10-11
94,94,9339.41,Bank Transfer,Paid,2025-03-07
95,95,10677.67,Bank Transfer,Paid,2026-04-20
96,96,16185.21,Cash on Delivery,Paid,2025-12-29
97,97,2652.32,PayPal,Refunded,2026-01-26
98,98,32380.47,PayPal,Paid,2026-04-21
99,99,9073.5,Debit Card,Pending,2025-05-16
100,100,18042.92,Credit Card,Paid,2025-05-14
101,101,5721.53,Credit Card,Paid,2025-06-05
102,102,18152.12,Debit Card,Paid,2026-05-30
103,103,37963.89,Credit Card,Paid,2026-04-30
104,104,62895.56,Bank Transfer,Paid,2026-05-30
105,105,8798.51,Mobile Wallet,Paid,2025-02-02
106,106,806.92,Bank Transfer,Paid,2026-02-07
107,107,30362.49,PayPal,Paid,2024-10-03
108,108,42257.5,PayPal,Paid,2024-11-30
109,109,30947.72,Bank Transfer,Paid,2026-01-25
110,110,7077.09,Debit Card,Paid,2025-10-08
111,111,9069.48,Credit Card,Paid,2025-01-28
112,112,57060.21,Debit Card,Pending,2025-09-05
113,113,32889.52,Bank Transfer,Paid,2025-01-01
114,114,38253.69,PayPal,Paid,2025-01-02
115,115,4170.38,Mobile Wallet,Pending,2025-12-02
116,116,27410.26,Credit Card,Paid,2025-04-06
117,117,31425.32,Mobile Wallet,Pending,2025-12-02
118,118,19632.75,Credit Card,Refunded,2025-06-30
119,119,1212.12,Credit Card,Paid,2025-07-19
120,120,10417.6,Credit Card,Paid,2025-10-02
121,121,13785.66,Bank Transfer,Paid,2025-12-19
122,122,31292.57,Credit Card,Paid,2025-04-17
123,123,9246.09,Mobile Wallet,Paid,2026-03-31
124,124,14563.45,Mobile Wallet,Paid,2025-07-12
125,125,25576.65,Credit Card,Failed,2024-10-25
126,126,19123.34,Debit Card,Paid,2024-12-06
127,127,55993.21,Credit Card,Paid,2024-08-10
128,128,49339.33,PayPal,Paid,2026-01-26
129,129,10984.41,Bank Transfer,Paid,2024-07-28
130,130,55100.81,Mobile Wallet,Paid,2025-01-30
131,131,6511.0,Debit Card,Paid,2025-05-14
132,132,11852.07,Cash on Delivery,Pending,2026-01-11
133,133,130.46,Credit Card,Paid,2026-07-10
134,134,30436.98,Cash on Delivery,Failed,2026-01-21
135,135,332.67,Cash on Delivery,Paid,2024-09-03
136,136,19449.86,Credit Card,Paid,2026-05-26
137,137,12629.84,Mobile Wallet,Paid,2026-07-07
138,138,29084.84,Mobile Wallet,Paid,2026-04-12
139,139,520.44,PayPal,Paid,2025-07-09
140,140,4787.86,Credit Card,Pending,2025-03-11
141,141,139.56,Debit Card,Pending,2025-06-17
142,142,33228.89,Debit Card,Paid,2025-01-13
143,143,21373.13,Credit Card,Paid,2025-05-08
144,144,25605.95,Mobile Wallet,Refunded,2024-08-17
145,145,7219.44,Debit Card,Paid,2026-01-04
146,146,26136.52,Credit Card,Failed,2025-04-20
147,147,31525.76,Debit Card,Refunded,2025-03-02
148,148,17012.53,PayPal,Paid,2025-10-07
149,149,18495.96,Debit Card,Paid,2026-01-10
150,150,46088.62,Bank Transfer,Paid,2025-09-23
151,151,17482.43,Mobile Wallet,Paid,2025-08-06
152,152,27918.86,PayPal,Paid,2026-04-18
153,153,17132.3,Cash on Delivery,Paid,2026-02-11
154,154,170.14,PayPal,Paid,2025-08-01
155,155,17770.43,Cash on Delivery,Refunded,2025-06-12
156,156,28192.66,Bank Transfer,Paid,2026-03-12
157,157,44319.63,Credit Card,Paid,2024-08-17
158,158,3855.93,Mobile Wallet,Paid,2026-07-15
159,159,6039.4,Debit Card,Paid,2025-07-30
160,160,18946.92,Credit Card,Paid,2025-05-02
161,161,2436.78,Credit Card,Paid,2026-01-05
162,162,16265.0,Cash on Delivery,Paid,2025-08-29
163,163,34201.35,Cash on Delivery,Paid,2025-07-29
164,164,10146.58,Credit Card,Paid,2025-10-21
165,165,19343.28,Debit Card,Paid,2024-08-22
166,166,22670.69,Bank Transfer,Paid,2025-02-14
167,167,7618.15,Mobile Wallet,Paid,2025-05-04
168,168,3329.4,Debit Card,Paid,2025-02-25
169,169,31386.53,Cash on Delivery,Paid,2026-03-14
170,170,13985.5,PayPal,Paid,2025-06-20
171,171,24705.1,Mobile Wallet,Paid,2025-05-21
172,172,8547.41,Debit Card,Paid,2025-10-08
173,173,17169.94,Credit Card,Paid,2024-08-26
174,174,10211.9,Mobile Wallet,Paid,2025-07-30
175,175,26781.84,Credit Card,Paid,2024-10-30
176,176,18086.78,Credit Card,Paid,2026-03-15
177,177,27562.38,PayPal,Paid,2025-06-13
178,178,16566.97,Mobile Wallet,Paid,2025-12-28
179,179,1270.57,Credit Card,Paid,2024-10-07
180,180,24348.41,PayPal,Paid,2026-02-05
181,181,13915.06,Debit Card,Pending,2026-06-01
182,182,20419.04,Cash on Delivery,Paid,2025-12-08
183,183,34763.94,Credit Card,Paid,2024-10-23
184,184,2211.84,Bank Transfer,Paid,2025-05-15
185,185,28008.95,PayPal,Pending,2025-06-11
186,186,16839.2,Credit Card,Paid,2024-11-26
187,187,17765.51,Debit Card,Pending,2025-09-22
188,188,15975.78,PayPal,Paid,2025-12-20
189,189,15797.37,Credit Card,Paid,2024-12-12
190,190,5583.38,Debit Card,Pending,2025-06-13
191,191,14073.71,Cash on Delivery,Paid,2025-01-15
192,192,8208.6,PayPal,Paid,2025-12-04
193,193,14695.84,Mobile Wallet,Paid,2026-05-11
194,194,5431.46,Cash on Delivery,Paid,2026-02-19
195,195,6317.17,Credit Card,Pending,2025-12-23
196,196,16626.89,Debit Card,Paid,2024-10-15
197,197,15378.36,Credit Card,Paid,2024-10-09
198,198,31915.05,PayPal,Paid,2025-06-10
199,199,15493.42,Credit Card,Pending,2025-04-08
200,200,6258.24,Cash on Delivery,Paid,2025-08-04
201,201,100.8,Credit Card,Completed,2023-06-01
202,202,573.03,PayPal,Completed,2023-06-02
203,203,858.71,Cash,Completed,2023-06-03
204,204,192.81,Credit Card,Completed,2023-06-04
205,205,758.85,PayPal,Completed,2023-06-05
206,206,222.2,Cash,Completed,2023-06-06
207,207,271.76,Cash,Completed,2023-06-07
208,208,84.34,Credit Card,Completed,2023-06-08
209,209,575.75,PayPal,Completed,2023-06-09
210,210,734.28,PayPal,Completed,2023-06-10
211,211,515.68,Cash,Completed,2023-06-11
212,212,104.08,Cash,Completed,2023-06-12
213,213,859.59,Credit Card,Completed,2023-06-13
214,214,747.77,PayPal,Completed,2023-06-14
215,215,258.26,Cash,Completed,2023-06-15
216,216,767.65,Cash,Completed,2023-06-16
217,217,417.82,Credit Card,Completed,2023-06-17
218,218,113.08,Cash,Completed,2023-06-18
219,219,164.97,Credit Card,Completed,2023-06-19
220,220,103.32,Cash,Completed,2023-06-20
221,221,284.44,PayPal,Completed,2023-06-21
222,222,610.22,PayPal,Completed,2023-06-22
223,223,518.61,Credit Card,Completed,2023-06-23
224,224,969.85,Credit Card,Completed,2023-06-24
225,225,514.51,Cash,Completed,2023-06-25
226,226,916.1,Credit Card,Completed,2023-06-26
227,227,340.43,Cash,Completed,2023-06-27
228,228,896.21,Credit Card,Completed,2023-06-28
229,229,986.06,Cash,Completed,2023-06-29
230,230,256.47,PayPal,Completed,2023-06-30
231,231,151.53,Credit Card,Completed,2023-07-01
232,232,732.22,Cash,Completed,2023-07-02
233,233,834.85,PayPal,Completed,2023-07-03
234,234,650.89,Cash,Completed,2023-07-04
235,235,165.21,Credit Card,Completed,2023-07-05
236,236,125.34,Credit Card,Completed,2023-07-06
237,237,967.39,Cash,Completed,2023-07-07
238,238,578.39,Cash,Completed,2023-07-08
239,239,526.47,PayPal,Completed,2023-07-09
240,240,875.7,Cash,Completed,2023-07-10
241,241,795.09,Cash,Completed,2023-07-11
242,242,776.32,Cash,Completed,2023-07-12
243,243,406.63,PayPal,Completed,2023-07-13
244,244,824.34,Cash,Completed,2023-07-14
245,245,626.04,Cash,Completed,2023-07-15
246,246,449.75,Credit Card,Completed,2023-07-16
247,247,624.22,PayPal,Completed,2023-07-17
248,248,767.91,PayPal,Completed,2023-07-18
249,249,171.95,Cash,Completed,2023-07-19
250,250,434.56,Credit Card,Completed,2023-07-20
251,251,562.24,Credit Card,Completed,2023-07-21
252,252,499.1,Cash,Completed,2023-07-22
253,253,272.36,Credit Card,Completed,2023-07-23
254,254,788.44,Credit Card,Completed,2023-07-24
255,255,811.29,PayPal,Completed,2023-07-25
256,256,324.35,Cash,Completed,2023-07-26
257,257,897.45,Credit Card,Completed,2023-07-27
258,258,975.13,Credit Card,Completed,2023-07-28
259,259,839.79,Cash,Completed,2023-07-29
260,260,495.71,PayPal,Completed,2023-07-30
261,261,376.84,Cash,Completed,2023-07-31
262,262,954.09,PayPal,Completed,2023-08-01
263,263,982.88,PayPal,Completed,2023-08-02
264,264,319.87,Cash,Completed,2023-08-03
265,265,132.26,PayPal,Completed,2023-08-04
266,266,598.51,Cash,Completed,2023-08-05
267,267,820.13,Credit Card,Completed,2023-08-06
268,268,483.03,Cash,Completed,2023-08-07
269,269,166.14,PayPal,Completed,2023-08-08
270,270,538.93,Cash,Completed,2023-08-09
271,271,911.19,Cash,Completed,2023-08-10
272,272,795.4,PayPal,Completed,2023-08-11
273,273,349.95,Credit Card,Completed,2023-08-12
274,274,307.94,Cash,Completed,2023-08-13
275,275,756.38,Credit Card,Completed,2023-08-14
276,276,856.92,Credit Card,Completed,2023-08-15
277,277,846.04,Credit Card,Completed,2023-08-16
278,278,703.73,PayPal,Completed,2023-08-17
279,279,929.01,PayPal,Completed,2023-08-18
280,280,122.23,PayPal,Completed,2023-08-19
281,281,572.69,PayPal,Completed,2023-08-20
282,282,960.14,Credit Card,Completed,2023-08-21
283,283,881.97,Cash,Completed,2023-08-22
284,284,124.0,Credit Card,Completed,2023-08-23
285,285,982.32,PayPal,Completed,2023-08-24
286,286,722.67,Credit Card,Completed,2023-08-25
287,287,579.07,Credit Card,Completed,2023-08-26
288,288,935.62,Cash,Completed,2023-08-27
289,289,540.89,PayPal,Completed,2023-08-28
290,290,93.22,Cash,Completed,2023-08-29
291,291,987.41,Credit Card,Completed,2023-08-30
292,292,100.86,PayPal,Completed,2023-08-31
293,293,636.37,Cash,Completed,2023-09-01
294,294,524.8,PayPal,Completed,2023-09-02
295,295,496.01,Credit Card,Completed,2023-09-03
296,296,289.54,Credit Card,Completed,2023-09-04
297,297,699.24,PayPal,Completed,2023-09-05
298,298,907.41,Credit Card,Completed,2023-09-06
299,299,96.27,Cash,Completed,2023-09-07
300,300,806.98,PayPal,Completed,2023-09-08
